{"keyboard":"crkbd/rev1","keymap":"kidbrazil","layout":"LAYOUT","layers":[["KC_ESC","KC_Q","KC_W","KC_E","KC_R","KC_T","KC_Y","KC_U","KC_I","KC_O","KC_P","KC_BSPC","LCTL_T(KC_TAB)","KC_A","KC_S","KC_D","KC_F","KC_G","KC_H","KC_J","KC_K","KC_L","KC_SCLN","KC_QUOT","KC_LSFT","KC_Z","KC_X","KC_C","KC_V","KC_B","KC_N","KC_M","KC_COMM","KC_DOT","KC_SLSH","KC_RSFT","LGUI_T(KC_PGUP)","MO(1)","KC_SPC","KC_ENT","MO(2)","LALT_T(KC_PGDN)"],["KC_ESC","KC_1","KC_2","KC_3","KC_4","KC_5","KC_6","KC_7","KC_8","KC_9","KC_0","KC_DEL","LCTL_T(KC_TAB)","KC_F1","KC_F2","KC_F3","KC_F4","KC_F5","KC_LEFT","KC_UP","KC_DOWN","KC_RGHT","KC_F12","KC_NO","KC_LSFT","KC_F6","KC_F7","KC_F8","KC_F9","KC_F10","KC_PGUP","KC_PGDN","KC_HOME","KC_END","KC_F11","KC_NO","LGUI_T(KC_PGUP)","KC_TRNS","KC_SPC","KC_ENT","KC_TRNS","LALT_T(KC_PGDN)"],["KC_ESC","KC_EXLM","KC_AT","KC_HASH","KC_DLR","KC_PERC","KC_CIRC","KC_AMPR","KC_ASTR","KC_LPRN","KC_RPRN","KC_BSPC","LCTL_T(KC_TAB)","RGB_TOG","RGB_MOD","RGB_HUI","RGB_SAI","RGB_VAI","KC_MINS","KC_EQL","KC_LCBR","KC_RCBR","KC_PIPE","KC_GRV","KC_LSFT","RGB_VAD","RGB_RMOD","RGB_HUD","RGB_SAD","TG(3)","KC_UNDS","KC_PLUS","KC_LBRC","KC_RBRC","KC_BSLS","KC_TILD","LGUI_T(KC_PGUP)","KC_TRNS","KC_SPC","KC_ENT","KC_TRNS","LALT_T(KC_PGDN)"],["KC_ESC","KC_Q","KC_W","KC_E","KC_R","KC_T","KC_F1","KC_F2","KC_F3","KC_F4","KC_F5","KC_F6","KC_LSFT","KC_A","KC_S","KC_D","KC_F","KC_G","KC_F7","KC_F8","KC_F9","KC_F10","KC_NO","KC_NO","KC_LCTL","KC_Z","KC_X","KC_C","KC_V","KC_TRNS","KC_PGUP","KC_PGDN","KC_NO","KC_NO","KC_NO","KC_NO","KC_TAB","MO(4)","KC_SPC","KC_ENT","KC_TRNS","KC_NO"],["KC_ESC","KC_1","KC_2","KC_3","KC_4","KC_5","KC_TRNS","KC_TRNS","KC_TRNS","KC_TRNS","KC_TRNS","KC_TRNS","KC_LSFT","KC_A","KC_S","KC_D","KC_F","KC_6","KC_TRNS","KC_TRNS","KC_TRNS","KC_TRNS","KC_TRNS","KC_TRNS","KC_LCTL","KC_Z","KC_X","KC_C","KC_V","KC_7","KC_TRNS","KC_TRNS","KC_TRNS","KC_TRNS","KC_TRNS","KC_TRNS","KC_TAB","KC_TRNS","KC_SPC","KC_TRNS","KC_TRNS","KC_TRNS"]],"author":"","notes":""}